{"CPU Overload": {"precision": 0.3611111111111111, "recall": 0.4406779661016949, "f1-score": 0.3969465648854962, "support": 177.0}, "Memory Leak": {"precision": 0.2923076923076923, "recall": 0.3433734939759036, "f1-score": 0.31578947368421056, "support": 166.0}, "Network Issues": {"precision": 0.21348314606741572, "recall": 0.12101910828025478, "f1-score": 0.15447154471544716, "support": 157.0}, "accuracy": 0.308, "macro avg": {"precision": 0.28896731649540636, "recall": 0.3016901894526178, "f1-score": 0.2890691944283847, "support": 500.0}, "weighted avg": {"precision": 0.2919131950446557, "recall": 0.308, "f1-score": 0.2938652542732739, "support": 500.0}, "confusion_matrix": [[78, 67, 32], [71, 57, 38], [67, 71, 19]]}