{"0": {"precision": 0.894, "recall": 1.0, "f1-score": 0.9440337909186906, "support": 447.0}, "1": {"precision": 0.0, "recall": 0.0, "f1-score": 0.0, "support": 53.0}, "accuracy": 0.894, "macro avg": {"precision": 0.447, "recall": 0.5, "f1-score": 0.4720168954593453, "support": 500.0}, "weighted avg": {"precision": 0.799236, "recall": 0.894, "f1-score": 0.8439662090813094, "support": 500.0}, "confusion_matrix": [[447, 0], [53, 0]]}